Gene,Control_1,Control_2,Control_3,Treatment_1,Treatment_2,Treatment_3
TP53,18,20,19,62,65,60
MYC,22,21,24,75,72,78
VEGFA,15,17,16,48,52,50
IL6,8,9,7,45,42,47
CXCL8,11,10,12,39,42,40
MKI67,25,27,26,71,74,70
CDK1,30,29,31,69,72,70
MDM2,20,22,21,52,55,54
BCL2,55,58,56,21,19,22
PTEN,48,50,49,17,18,16
CASP3,35,34,36,62,65,63
TNF,12,11,13,34,37,36
MTOR,42,44,43,45,46,44
GAPDH,101,99,100,102,100,101
ACTB,94,96,95,93,95,94
RPLP0,78,80,79,79,81,80
EGFR,31,32,30,60,63,61
BRCA1,28,30,29,54,57,55
RB1,46,45,47,24,23,25
CDKN1A,19,21,20,51,49,52
