Gene	Control_1	Control_2	Control_3	Control_4	Treatment_1	Treatment_2	Treatment_3	Treatment_4
STAT1	14	15	13	14	48	51	49	50
IFNG	8	9	7	8	40	42	39	41
JAK1	28	29	27	30	52	54	51	53
SOCS1	18	17	19	18	35	37	36	34
NFKB1	44	45	43	46	60	62	59	61
BAX	32	31	33	32	55	57	54	56
BCL2	58	60	59	57	24	22	23	25
PIK3CA	46	45	47	46	48	49	47	48
AKT1	51	52	50	53	52	51	53	50
MAPK1	39	40	38	41	40	42	39	41
GAPDH	101	99	100	102	100	101	99	102
ACTB	94	95	93	96	95	94	96	93
CD274	12	13	11	12	38	40	37	39
FOXP3	27	28	26	27	14	13	15	14
IL10	16	15	17	16	31	33	30	32
